county,land_area_m2,land_area_mi2,pop_2020,pop_dens_2020,county_type,median_hh_income,p_foreign_born,p_child_poverty,p_single_parent_hh,p_broadband,p_home_ownership,p_family_sustaining_wage,p_edu_lths,p_edu_hsged,p_edu_scnd,p_edu_ndc,p_edu_assoc,p_edu_ba,p_edu_mapl,p_edu_hs_grad_rate,p_edu_chronic_absent_rate
Alamance,1096735775,423.45205013315683,171415,404.8038023339304,Suburban,66395,0.09140148758888245,0.1874853223562241,0.1775251626968384,0.7498137354850769,0.656083345413208,0.5011739134788513,0.09796561300754547,0.2867834568023682,0.1283192038536072,0.0750034749507904,0.1169887408614159,0.2100421637296677,0.08489735424518585,0.8612622618675232,0.3206285536289215
Alexander,673358184,259.9850483483494,36444,140.17729185398895,Rural - Metro,62976,0.02541163563728333,0.1969112008810043,0.1531486213207245,0.6421014666557312,0.8166966438293457,0.4574659466743469,0.1214790791273117,0.3533093631267548,0.1673814803361893,0.07499710470438004,0.120088092982769,0.1073374301195145,0.05540744215250015,0.8296089172363281,0.1895115971565247
Alleghany,608220280,234.83516300775605,10888,46.364436486202,Rural - Non-Metro,46571,0.06058690696954727,0.3329706192016602,0.09962368756532669,0.7288572192192078,0.7706476449966431,0.3632653057575226,0.1998195797204971,0.2746955454349518,0.1308073997497559,0.07487595826387405,0.1041948571801186,0.1538114547729492,0.06179521977901459,0.9439252614974976,0.190476194024086
Anson,1376478143,531.4611822677441,22055,41.49879753379418,Rural - Metro,50503,0.03068072907626629,0.3546764254570007,0.2420014441013336,0.6723598837852478,0.6561222076416016,0.3618802428245544,0.1229050308465958,0.5285636782646179,0.122544601559639,0.07496846467256546,0.06523697823286057,0.06631825864315033,0.01946296542882919,0.8290598392486572,0.463004857301712
Ashe,1104018852,426.26406188405247,26577,62.34867627013129,Rural - Non-Metro,54589,0.02989079803228378,0.1445355862379074,0.1376781463623047,0.7373948097229004,0.783815324306488,0.3614864945411682,0.09033280611038208,0.29001584649086,0.1797851771116257,0.07501320540904999,0.175382986664772,0.1329459398984909,0.05652403458952904,0.8883928656578064,0.1573323458433151
Avery,640602137,247.33786789469085,17806,71.99059388504662,Rural - Non-Metro,55922,0.04097942635416985,0.118116520345211,0.1140417754650116,0.6250953078269958,0.7996645569801331,0.4146556854248047,0.1209248527884483,0.348208099603653,0.1417341083288193,0.07491329312324524,0.080231212079525,0.1921387314796448,0.04184971004724503,0.8882352709770203,0.2078621387481689
Beaufort,2156776424,832.7360329078886,44652,53.62083329584838,Rural - Non-Metro,55960,0.03444178029894829,0.3209291398525238,0.1823273897171021,0.7115636467933655,0.7009893655776978,0.4424807131290436,0.1149449869990349,0.2842645049095154,0.2021151632070541,0.07499198615550995,0.1631235927343369,0.1193248555064201,0.04123491048812866,0.859719455242157,0.2557030916213989
Bertie,1810858588,699.1764097326301,17934,25.65017891101058,Rural - Non-Metro,44371,0.01693170145153999,0.2665245234966278,0.2111332565546036,0.5079726576805115,0.7448747158050537,0.4727587103843689,0.1462616771459579,0.3591121435165405,0.1179906576871872,0.07500000298023224,0.08691588789224625,0.1724299043416977,0.04228971898555756,0.8917197585105896,0.3157599568367004
Bladen,2266321541,875.0316390448604,29606,33.83420516350287,Rural - Non-Metro,49661,0.02760974690318108,0.3531078100204468,0.1776536256074905,0.6254404783248901,0.6984959244728088,0.4286615252494812,0.09049489349126816,0.3468970954418182,0.1693637073040009,0.07494108378887177,0.1368421018123627,0.1412411630153656,0.04021995142102242,0.903030276298523,0.2711078524589539
Brunswick,2201703879,850.0826202634576,136693,160.7996643404333,Rural - Metro,76797,0.03418352454900742,0.1309731900691986,0.1211124211549759,0.8113942742347717,0.8383978009223938,0.4779129922389984,0.08486801385879517,0.2954270839691162,0.1470362097024918,0.07498260587453842,0.1331966519355774,0.1967195123434067,0.06776992976665497,0.8515961766242981,0.3181948363780975
Buncombe,1700318978,656.496827701653,269452,410.43915009205995,Suburban,71218,0.0703999400138855,0.1524444669485092,0.132489874958992,0.7327508926391602,0.6443723440170288,0.5028935074806213,0.0780249685049057,0.2136950492858887,0.1011390313506126,0.07499733567237854,0.08187953382730484,0.3134336173534393,0.1368304491043091,0.9126436710357666,0.2273215502500534
Burke,1311146879,506.2366402137653,87570,172.98234273011605,Rural - Metro,55616,0.05581416562199593,0.307981938123703,0.1903102546930313,0.6656259298324585,0.7477211356163025,0.4114299714565277,0.1436546444892883,0.2927955985069275,0.1424515098333359,0.07497954368591309,0.1437509059906006,0.1408152431249619,0.06155252829194069,0.883367121219635,0.1850246489048004
Cabarrus,935587407,361.2323173946926,225804,625.0935731015456,Suburban,85540,0.09752575308084488,0.1183490008115768,0.1624486744403839,0.7733980417251587,0.7213263511657715,0.6065717935562134,0.0692884773015976,0.2196524441242218,0.1089183017611504,0.07500676810741425,0.1003806889057159,0.2736178040504456,0.1531355082988739,0.8928571343421936,0.1949013471603394
Caldwell,1222184251,471.88797750890063,80652,170.9134452328334,Rural - Metro,56239,0.03329281136393547,0.1846349239349365,0.1938900053501129,0.6451504826545715,0.7401269674301147,0.4545088112354279,0.1280681788921356,0.2913636267185211,0.1782386302947998,0.07500000298023224,0.1050568148493767,0.1595454514026642,0.06272727251052856,0.8532311320304871,0.2583302557468414
Camden,622452109,240.3301029053759,10355,43.08657082411781,Rural - Metro,84656,0.007912129163742065,0.05903049185872078,0.1203140839934349,0.7213779091835022,0.837639331817627,0.5583643317222595,0.04349442198872566,0.2133828997612,0.1531598567962646,0.07509293407201767,0.1773234158754349,0.2531598508358002,0.08438661694526672,0.8774193525314331,0.1735830008983612
Carteret,1314689449,507.6044341377305,67686,133.34398883843176,Rural - Non-Metro,76397,0.03238070383667946,0.125462532043457,0.1099749952554703,0.796461284160614,0.7350471019744873,0.5318512320518494,0.05211091041564941,0.2232827097177505,0.1897032111883163,0.0750313475728035,0.12344990670681,0.2321304231882095,0.1042914837598801,0.8209168910980225,0.2037943750619888
Caswell,1101694783,425.3667338264345,22736,53.45034811602625,Rural - Non-Metro,57865,0.03054343536496162,0.188868373632431,0.1676846891641617,0.5341708064079285,0.7606315612792969,0.4280008971691132,0.1653249561786652,0.3141566812992096,0.1920282691717148,0.07500490546226501,0.1021009236574173,0.1101511865854263,0.041233066469430923,0.8461538553237915,0.3799910247325897
Catawba,1039553245,401.3737518663744,160610,400.15073046797136,Suburban,65898,0.06740470230579376,0.1758644580841064,0.180104598402977,0.731369137763977,0.7271974086761475,0.4949322640895844,0.09517499059438705,0.258217066526413,0.169044092297554,0.07501234114170074,0.1392158418893814,0.2006911486387253,0.06264452636241913,0.8879402279853821,0.2144689410924911
Chatham,1765540358,681.678943306037,76285,111.90752002699335,Rural - Metro,95716,0.1065386459231377,0.1633663326501846,0.1279570907354355,0.7136080265045166,0.8041422367095947,0.5941446423530579,0.1242173835635185,0.1751815676689148,0.04432757198810577,0.07500626146793365,0.119146004319191,0.2496869564056396,0.2124342620372772,0.897243082523346,0.2068556696176529
Cherokee,1179845613,455.5409379852327,28774,63.16446580467982,Rural - Non-Metro,53926,0.01928280293941498,0.2286145240068436,0.1312682032585144,0.6050452589988708,0.836144745349884,0.4116731584072113,0.07822934538125992,0.3692043423652649,0.1324174702167511,0.07498569041490555,0.1236405298113823,0.1742033958435059,0.04731921479105949,0.9253731369972229,0.3932974934577942
Chowan,447179939,172.65713972717813,13708,79.39434199860204,Rural - Non-Metro,60808,0.01845953427255154,0.3788217604160309,0.1931875050067902,0.5977625846862793,0.6967774033546448,0.393401026725769,0.1424060612916946,0.3868013918399811,0.1272497624158859,0.07514998316764832,0.07041364163160324,0.1417745500802994,0.05620460957288742,0.8972602486610413,0.2978838980197906
Clay,556804503,214.98342052234364,11089,51.58072177406582,Rural - Non-Metro,53229,0.03801246732473373,0.05987688899040222,0.07181114703416824,0.6135687232017517,0.7982543110847473,0.5098039507865906,0.04874371737241745,0.2095477432012558,0.1065326631069183,0.07487437129020691,0.2080402076244354,0.244221106171608,0.1080401986837387,0.8787878751754761,0.2914728820323944
Cleveland,1202400603,464.24946831126573,99519,214.36535051296045,Rural - Non-Metro,61411,0.0295198168605566,0.2709680497646332,0.2104895412921906,0.6436401605606079,0.7065398693084717,0.430758148431778,0.1108722239732742,0.3251970708370209,0.1215800344944,0.07499683648347855,0.1300113797187805,0.1498672068119049,0.0874752327799797,0.838681697845459,0.2443540245294571
Columbus,2429722353,938.1210452738334,50623,53.96211955273146,Rural - Non-Metro,50837,0.02170336805284023,0.2613270878791809,0.2074686586856842,0.5719041228294373,0.7225776314735413,0.3688946068286896,0.1294244974851608,0.3457982838153839,0.1941367536783218,0.07503955811262131,0.1187640577554703,0.09369534254074097,0.04314149916172028,0.8638655543327332,0.330122709274292
Craven,1830014545,706.5725660802358,100720,142.54728365516897,Rural - Metro,61761,0.04078200086951256,0.1962664723396301,0.1624228358268738,0.7309027910232544,0.6994598507881165,0.4866151809692383,0.0680580735206604,0.2649727761745453,0.2030605524778366,0.07498762756586075,0.1363636404275894,0.163834348320961,0.08872298151254654,0.8075801730155945,0.2167719155550003
Cumberland,1690112815,652.5562061364058,334728,512.948918196375,Suburban,61511,0.0670647844672203,0.2335163801908493,0.2129911482334137,0.7843238115310669,0.5365522503852844,0.4157800078392029,0.05589395761489868,0.2343376278877258,0.2413690835237503,0.07499539852142334,0.1085583493113518,0.198188990354538,0.0866565853357315,0.8520603775978088,0.3347637057304382
Currituck,678341928,261.90928266462197,28100,107.28905716557742,Rural - Metro,86047,0.02647575363516808,0.1080955341458321,0.1286422610282898,0.7919456958770752,0.8750978708267212,0.6390125751495361,0.02716149017214775,0.3037514984607697,0.1384967118501663,0.07503025233745575,0.1066290140151978,0.267312079668045,0.08161893486976624,0.904477596282959,0.2436061352491379
Dare,992558307,383.22890486165204,36915,96.32624139697015,Rural - Non-Metro,79646,0.04947514086961746,0.1223466992378235,0.159619003534317,0.8509373068809509,0.7778317332267761,0.4815191030502319,0.06292732059955597,0.2301848530769348,0.149404913187027,0.07495568692684174,0.1093947812914848,0.2698151469230652,0.1033172979950905,0.9453303217887878,0.2852946817874908
Davidson,1432724907,553.178179261989,168930,305.38080917322947,Suburban,63551,0.05672763660550117,0.2120418846607208,0.169970229268074,0.7491096258163452,0.7352872490882874,0.4581944048404694,0.1094974502921104,0.2905319333076477,0.1855897307395935,0.07499020546674728,0.1141996458172798,0.1670503467321396,0.05814067274332047,0.8330658078193665,0.1645796746015549
Davie,682977540,263.69910246421944,42712,161.97248910164745,Rural - Metro,76153,0.05054450035095215,0.1526483148336411,0.144431933760643,0.7851004600524902,0.8338766098022461,0.5404790043830872,0.07813505083322525,0.2930332124233246,0.1459807008504868,0.07502679526805878,0.1186495199799538,0.2052518725395203,0.08392283320426941,0.8866799473762512,0.1959654241800308
Duplin,2110115795,814.7202633297031,48715,59.79352937768517,Rural - Non-Metro,52947,0.1178725063800812,0.296402245759964,0.1693869382143021,0.5743431448936462,0.7003881335258484,0.355512261390686,0.1840029656887054,0.2505335509777069,0.1755590587854385,0.07497448474168777,0.1237821280956268,0.1534749865531921,0.03767282143235207,0.858793318271637,0.2196773588657379
Durham,742095312,286.52460184460074,324833,1133.7002055278178,Urban,81413,0.1520256251096725,0.1678839921951294,0.1695643365383148,0.8190784454345703,0.5502158999443054,0.5993466377258301,0.08377022296190262,0.1372043341398239,0.04404995962977409,0.07499787956476212,0.05400826409459114,0.3270615339279175,0.2789077758789063,0.83292555809021,0.3716352581977844
Edgecombe,1309074148,505.4363543004837,48900,96.74808625049708,Rural - Metro,49972,0.03138774260878563,0.3787878751754761,0.2882813811302185,0.6151641011238098,0.593866765499115,0.3600990474224091,0.1332924365997314,0.3419507443904877,0.1989308595657349,0.07501533627510071,0.08079922944307327,0.131890282034874,0.03812111169099808,0.7878788113594055,0.3554128408432007
Forsyth,1056328480,407.85070631077144,382590,938.0638407144907,Urban,65556,0.09152660518884659,0.2246065586805344,0.1853502243757248,0.7556872367858887,0.6268596053123474,0.50525665283203125,0.09489335119724274,0.2163900136947632,0.1209027543663979,0.0749971866607666,0.09021370857954025,0.247672975063324,0.1549300104379654,0.8540664315223694,0.321405291557312
Franklin,1273761673,491.8021314777387,68573,139.43209191459948,Rural - Metro,70898,0.05355604365468025,0.1289724409580231,0.1732016652822495,0.6779024600982666,0.781211256980896,0.5079682469367981,0.1172471940517426,0.2587078511714935,0.1697190999984741,0.07500000298023224,0.1126404479146004,0.1939325779676437,0.07275281101465225,0.8510344624519348,0.2712545692920685
Gaston,921392674,355.75170034274794,227943,640.7362207415705,Suburban,67076,0.05710521340370178,0.1625547111034393,0.2027804553508759,0.7336569428443909,0.6582183837890625,0.5312411785125732,0.08139093220233917,0.2653010785579681,0.1562897562980652,0.0749979317188263,0.1135871782898903,0.2191789895296097,0.08925414830446243,0.8669579029083252,0.236237958073616
Gates,882181709,340.6122621157516,10478,30.762251290997916,Rural - Metro,64047,0.01283893827348948,0.1119285374879837,0.1087935566902161,0.5970609188079834,0.8229438066482544,0.343719094991684,0.07418397814035416,0.3610286712646484,0.2705242335796356,0.07517309486865997,0.0895153284072876,0.06330365687608719,0.06627102196216583,0.8914728760719299,0.3070652186870575
Graham,756189029,291.9662164008931,8030,27.50318204272704,Rural - Non-Metro,51841,0.0243750773370266,0.04078857973217964,0.102355070412159,0.5413647294044495,0.8082729578018188,0.4916666746139526,0.1296728998422623,0.3609813153743744,0.1115654185414314,0.07476635277271271,0.1191588789224625,0.1179906576871872,0.08586448431015015,0.9350649118423462,0.2810516655445099
Granville,1377850210,531.9909402981776,60992,114.6485689508441,Rural - Metro,72896,0.05826917663216591,0.1737432926893234,0.1994047611951828,0.7086489796638489,0.7660533785820007,0.541414737701416,0.148099347949028,0.2390803098678589,0.1485605090856552,0.074972003698349,0.09098096191883087,0.2159562557935715,0.08235061913728714,0.801996648311615,0.3420822322368622
Greene,690838977,266.73442025955865,20451,76.67176954552464,Rural - Non-Metro,52145,0.06459037214517593,0.4002621173858643,0.2283706665039063,0.4551310241222382,0.6531986594200134,0.319257527589798,0.2013816982507706,0.3507772088050842,0.1583765149116516,0.07495681941509247,0.09689119458198547,0.07927460968494415,0.03834196925163269,0.8653061389923096,0.2414275705814362
Guilford,1672930669,645.9221424765537,541299,838.025149477901,Urban,65890,0.1142255738377571,0.2121850699186325,0.2013095021247864,0.77415931224823,0.5995959639549255,0.4914591610431671,0.09171950072050095,0.1897071003913879,0.1420006304979324,0.07500214874744415,0.09648871421813965,0.2617186307907104,0.1433632671833038,0.922024130821228,0.3089125156402588
Halifax,1874472930,723.7380444962738,48622,67.18176606819283,Rural - Non-Metro,48520,0.02472054585814476,0.3887574076652527,0.2425378710031509,0.5757067203521729,0.6347624659538269,0.2825237214565277,0.1475952118635178,0.3282674849033356,0.1808510571718216,0.075004473328590393,0.07947434484958649,0.1433041244745255,0.04550330713391304,0.8201581239700317,0.3768905997276306
Harnett,1540870386,594.9333821459127,133568,224.5091702842811,Rural - Metro,70074,0.06283378601074219,0.2007734328508377,0.1692468971014023,0.6923251152038574,0.6949361562728882,0.4875094592571259,0.09448091685771942,0.2497441470623016,0.1726866513490677,0.07501060515642166,0.1372407078742981,0.1904345899820328,0.08040238916873932,0.8591823577880859,0.2801327705383301
Haywood,1433713844,553.5600099724011,62089,112.1630877980069,Rural - Metro,64553,0.02248846739530563,0.1643886268138885,0.1416031718254089,0.6230390071868896,0.7501494288444519,0.5187531113624573,0.0908639207482338,0.2593171000480652,0.1602896302938461,0.07503371685743332,0.1306168735027313,0.1864839941263199,0.09739476442337036,0.9153153300285339,0.2085561454296112
Henderson,965934305,372.9493202190801,116281,311.78767112832793,Suburban,63765,0.07655873149633408,0.1954651027917862,0.1392816752195358,0.7261765599250793,0.7421414852142334,0.4463823735713959,0.1102969869971275,0.2382103055715561,0.1668095737695694,0.07498636096715927,0.08636682480573654,0.2275703549385071,0.09575960785150528,0.9309701323509216,0.1749262362718582
Hertford,914689325,353.1635228240488,21552,61.02555503937908,Rural - Non-Metro,48964,0.0446515716612339,0.3104986846446991,0.2183935642242432,0.5801416635513306,0.6638252139091492,0.3561091423034668,0.1340094953775406,0.3385843634605408,0.1683211028575897,0.07509710639715195,0.1048769950866699,0.1294777691364288,0.04963314533233643,0.8148148059844971,0.4388047456741333
Hoke,1010491623,390.1529968799741,52082,133.49122117860446,Rural - Metro,60257,0.06242702901363373,0.2051647901535034,0.196024090051651,0.759793221950531,0.7168363332748413,0.4216397106647491,0.09613514691591263,0.2559552788734436,0.2038162350654602,0.07498784363269806,0.1386728286743164,0.1586655378341675,0.07176713645458221,0.8384615182876587,0.3117672502994537
Hyde,1585966933,612.3452562876823,4589,7.494138237994399,Rural - Non-Metro,49781,0.02010810747742653,0.3609467446804047,0.1895981132984161,0.4505910277366638,0.7153664231300354,0.2379642426967621,0.08016031980514526,0.3737474977970123,0.2024048119783401,0.07515030354261398,0.1793587207794189,0.05310621112585068,0.03607214614748955,0.8648648858070374,0.2458333373069763
Iredell,1487711608,574.4086632119713,186693,325.0177303316638,Suburban,84335,0.07021898031234741,0.1154642105102539,0.1616765707731247,0.7888869643211365,0.7147457003593445,0.5708990693092346,0.08364691585302353,0.2343963533639908,0.1372322291135788,0.07500683516263962,0.108095608651638,0.2615779042243958,0.10004414618015289,0.8833675384521484,0.2219976931810379
Jackson,1271961081,491.1069190197943,43109,87.77925606513898,Rural - Non-Metro,55462,0.04616027325391769,0.271899402141571,0.1449570506811142,0.5170667171478271,0.6259634494781494,0.339775413274765,0.1381825953722,0.3144512474536896,0.1364660412073135,0.07499195635318756,0.1105031669139862,0.1611415147781372,0.0642634928226471,0.8395904302597046,0.3169717192649841
Johnston,2051313884,792.016718563237,215999,272.7202531681836,Suburban,79666,0.0848766416311264,0.1597520709037781,0.1531721949577332,0.7062811851501465,0.7710011601448059,0.5727066993713379,0.09438639879226685,0.2466724365949631,0.128593772649765,0.07500332593917847,0.1363636404275894,0.2427126318216324,0.0762678012251854,0.9130569100379944,0.2312638312578201
Jones,1220836958,471.367784773344,9172,19.458266551691334,Rural - Metro,53001,0.02271498180925846,0.25,0.1752234995365143,0.581864595413208,0.7563218474388123,0.38744255900383,0.139909416437149,0.292400598526001,0.1731253117322922,0.07498741894960403,0.06844489276409149,0.2138902842998505,0.03724207356572151,0.875,0.2738317847251892
Lee,660607451,255.06196281341232,63285,248.11618048393763,Rural - Non-Metro,62680,0.09564005583524704,0.2392162084579468,0.2233667224645615,0.6709112524986267,0.6595157980918884,0.4216533005237579,0.143785297870636,0.2191389948129654,0.2148278653621674,0.07498937100172043,0.1266622096300125,0.1519217938184738,0.0686744824051857,0.8564231991767883,0.2324392050504684
Lenoir,1033630013,399.08677920533006,55122,138.12033590729334,Rural - Non-Metro,51601,0.04239124432206154,0.3240112662315369,0.2299607545137405,0.5395551919937134,0.5925861597061157,0.3505723178386688,0.1485723704099655,0.3081076741218567,0.1767978370189667,0.07502249628305435,0.1254192888736725,0.1040661036968231,0.06201423704624176,0.9034013748168945,0.2885480225086212
Lincoln,766239897,295.8468782314217,86810,293.42881871511315,Suburban,79109,0.0507088378071785,0.09372294694185257,0.1515092104673386,0.7776687741279602,0.7846753001213074,0.5861050486564636,0.08715444058179855,0.2746929824352264,0.1289297789335251,0.07501541078090668,0.1279814094305038,0.2304044812917709,0.07582151889801025,0.8717414140701294,0.1802826374769211
Macon,1335344502,515.5793946868737,37014,71.7910769542675,Rural - Non-Metro,58765,0.05696320533752441,0.1887024790048599,0.1229408532381058,0.5839137434959412,0.7634604573249817,0.4156109392642975,0.1179258078336716,0.2304359525442123,0.2045762240886688,0.07500676810741425,0.1681559681892395,0.1659897118806839,0.03790955990552902,0.9059829115867615,0.2890726923942566
Madison,1164498325,449.6153169598914,21193,47.13584969324022,Rural - Metro,59505,0.01395563781261444,0.1132781207561493,0.13334921002388,0.629479706287384,0.7793784737586975,0.5906911492347717,0.07402234524488449,0.3733040690422058,0.1043495610356331,0.0750199556350708,0.08080606907606125,0.2324421405792236,0.06005586683750153,0.9090909361839294,0.2830188572406769
Martin,1182102539,456.4123419856163,22031,48.2699479688792,Rural - Non-Metro,49033,0.01713130995631218,0.3286969363689423,0.2238008826971054,0.5531460046768188,0.6848627328872681,0.318742036819458,0.1396090090274811,0.2590310275554657,0.2288567721843719,0.07501062750816345,0.1602209955453873,0.1128346771001816,0.02443688921630383,0.689497709274292,0.2877724468708038
McDowell,1139476689,439.9544092887747,44578,101.32413508950687,Rural - Non-Metro,53697,0.03845207020640373,0.1753134727478027,0.1697479039430618,0.5722960233688354,0.74041748046875,0.4210940599441528,0.113569051027298,0.3389485478401184,0.1333765238523483,0.0749722346663475,0.1343946754932404,0.166975200176239,0.03776379302144051,0.8523622155189514,0.2737990617752075
Mecklenburg,1356130079,523.6047508341651,1115482,2130.389379055296,Urban,84796,0.1685798764228821,0.1491136699914932,0.1726191788911819,0.8320570588111877,0.5550347566604614,0.6307204961776733,0.0896863117814064,0.1379046142101288,0.08924203366041183,0.07500007003545761,0.07327292859554291,0.3552021086215973,0.1796919405460358,0.840031087398529,0.2395784705877304
Mitchell,573036225,221.2505234242176,14903,67.35803273751148,Rural - Non-Metro,56746,0.03092232719063759,0.1048084124922752,0.1314927488565445,0.6345344185829163,0.7756980061531067,0.4677318334579468,0.04135338217020035,0.2634711861610413,0.2584586441516876,0.07487468421459198,0.0827067643404007,0.1578947305679321,0.1212406009435654,0.7777777910232544,0.2321929335594177
Montgomery,1273075626,491.5372472501428,25751,52.38870532001686,Rural - Non-Metro,55005,0.0803895816206932,0.2180337160825729,0.207642674446106,0.5582134127616882,0.7313151359558105,0.3476140797138214,0.1536573320627213,0.3717885911464691,0.0996563583612442,0.0749468207359314,0.1227295026183128,0.1320569515228271,0.04516445845365524,0.8958990573883057,0.2523493766784668
Moore,1806983006,697.6800391566277,99727,142.9408817837936,Rural - Non-Metro,78955,0.05032088607549667,0.1421584486961365,0.1240482106804848,0.7721539735794067,0.7633250951766968,0.6084587574005127,0.06622035801410675,0.1798273921012878,0.1046136468648911,0.07501209527254105,0.1305452436208725,0.2804081439971924,0.163373127579689,0.898245632648468,0.1713180094957352
Nash,1399742831,540.4437285235259,94970,175.72597291387734,Rural - Metro,65457,0.04007291793823242,0.2030459344387054,0.230753093957901,0.6256065964698792,0.6370432376861572,0.3987548649311066,0.1392253488302231,0.3189582526683807,0.1244509518146515,0.07498114556074142,0.1323927342891693,0.1424641758203506,0.0675273984670639,0.8313953280448914,0.3031148314476013
New Hanover,497937486,192.2547381887402,225702,1173.9736670543016,Urban,79106,0.06088731810450554,0.1442962735891342,0.1227338463068008,0.8106099367141724,0.6070075035095215,0.5835760831832886,0.06890102475881577,0.1534560024738312,0.1178175434470177,0.07500084489583969,0.1217099726200104,0.3227344751358032,0.1403801441192627,0.8789838552474976,0.2395186424255371
Northampton,1390032558,536.6945711577032,17471,32.55296576284222,Rural - Non-Metro,44182,0.01557053253054619,0.3201309442520142,0.2194287180900574,0.5199421048164368,0.7321311235427856,0.3710671365261078,0.08389674127101898,0.2882606089115143,0.1911493539810181,0.07498463243246078,0.1115550100803375,0.1696373671293259,0.0805162861943245,0.8080000281333923,0.5048616528511047
Onslow,1973765096,762.0749641202021,204576,268.4460317315085,Suburban,66982,0.03968600183725357,0.1515314728021622,0.1496773064136505,0.8026228547096252,0.6096310019493103,0.4622088074684143,0.03936810791492462,0.279997318983078,0.211636945605278,0.07499958574771881,0.1163360998034477,0.2043138146400452,0.07334812730550766,0.8888888955116272,0.2539015114307404
Orange,1029673918,397.5593223862329,148696,374.0221688363286,Suburban,86736,0.1259606778621674,0.1048849523067474,0.1093063652515411,0.8142624497413635,0.642429530620575,0.5869789123535156,0.06877156347036362,0.08051376044750214,0.05584065243601799,0.07500507682561874,0.06352382153272629,0.3426111042499542,0.3137340247631073,0.8832547068595886,0.2193904370069504
Pamlico,871570771,336.51535604926005,12276,36.47976170871384,Rural - Metro,61996,0.02842062525451183,0.1743981242179871,0.135998472571373,0.6914690136909485,0.8332058191299438,0.4418489038944244,0.07309941202402115,0.3404344320297241,0.2318295687437057,0.07518796622753143,0.109857976436615,0.08813700824975967,0.08145363628864288,0.9444444179534912,0.297628790140152
Pasquotank,587622471,226.88230449057932,40568,178.80636434422536,Rural - Non-Metro,59463,0.0256184171885252,0.09647428244352341,0.1856567561626434,0.75698322057724,0.6507730484008789,0.4580240845680237,0.07915396988391876,0.2722822427749634,0.1655121445655823,0.07499769330024719,0.1238570213317871,0.1934053748846054,0.09079153835773468,0.7514619827270508,0.3056759536266327
Pender,2256645359,871.2956442877262,60203,69.09594968676245,Rural - Metro,72161,0.04081922024488449,0.1358307152986526,0.1488489508628845,0.6959258317947388,0.8181931376457214,0.5476002097129822,0.09278085082769394,0.2215287536382675,0.1436752080917358,0.07502251863479614,0.117745466530323,0.2487453371286392,0.1005018651485443,0.926682710647583,0.2790390849113464
Perquimans,640173980,247.17255555277436,13005,52.61506468999255,Rural - Non-Metro,61157,0.02274456061422825,0.1261663287878036,0.1720430105924606,0.5906810164451599,0.7272401452064514,0.4486258029937744,0.06934460997581482,0.3230443894863129,0.2181818187236786,0.0748414397239685,0.1285412311553955,0.1103594079613686,0.07568710297346115,0.8173912763595581,0.2740825712680817
Person,1016154887,392.3395953350535,39097,99.65091585164024,Rural - Metro,64466,0.03101209364831448,0.3138127028942108,0.1997409164905548,0.672629714012146,0.7588674426078796,0.5375489592552185,0.07543498277664185,0.2956730723381042,0.1879578828811646,0.07497710734605789,0.1551053076982498,0.1488095223903656,0.06204212456941605,0.8305084705352783,0.2302776575088501
Pitt,1689621009,652.3663187781971,170243,260.9622770207458,Suburban,60268,0.05640849843621254,0.2214375585317612,0.2085581123828888,0.6615715622901917,0.5092910528182983,0.4949497282505035,0.06896315515041351,0.2030035704374313,0.1251942962408066,0.07499771565198898,0.1417664736509323,0.2178613841533661,0.1682133972644806,0.8390393257141113,0.2388477623462677
Polk,615606322,237.6869297674112,19328,81.31705020092369,Rural - Non-Metro,59012,0.04388236999511719,0.2146389782428741,0.1002635508775711,0.6207172870635986,0.76647186279296875,0.4272056818008423,0.1120196208357811,0.2842736542224884,0.1504497081041336,0.07495230436325073,0.1049332246184349,0.1659852862358093,0.1073862090706825,0.8682634830474854,0.2199535965919495
Randolph,2026242785,782.3367131210498,144171,184.2825443086328,Rural - Metro,59336,0.06089236214756966,0.1971422284841537,0.1729506701231003,0.7072494029998779,0.726733386516571,0.3989741802215576,0.1423602998256683,0.3222412168979645,0.1469877362251282,0.07501178979873657,0.1186335757374763,0.1376149505376816,0.05715043470263481,0.8895582556724548,0.2462205141782761
Richmond,1226849523,473.68924909852194,42946,90.66281339872192,Rural - Non-Metro,50242,0.0366201139986515,0.396390974521637,0.2565379738807678,0.6776374578475952,0.646919310092926,0.2877224981784821,0.1317544728517532,0.3162880539894104,0.2085065245628357,0.07501208037137985,0.1253745704889297,0.1070082187652588,0.03605606406927109,0.7938144207000732,0.2425136417150497
Robeson,2453481924,947.294666924166,116530,123.01346568155925,Rural - Non-Metro,42180,0.05119889229536057,0.4013982117176056,0.2798989415168762,0.5402863621711731,0.6562090516090393,0.2958603501319885,0.19740130007267,0.3413293361663818,0.1412151008844376,0.07499821484088898,0.1058399379253387,0.09070464968681335,0.04851145669817924,0.8347665667533875,0.4072784781455994
Rockingham,1465005024,565.6416021153086,91096,161.04897457918887,Rural - Metro,58508,0.03169732913374901,0.2536670863628387,0.183505043387413,0.6704854369163513,0.7235122323036194,0.4376244246959686,0.1245435327291489,0.324524313211441,0.1639438718557358,0.07500480860471725,0.1236305981874466,0.1355468034744263,0.0528060719370842,0.8659340739250183,0.3329918086528778
Rowan,1325058763,511.60804865625425,146875,287.085006550951,Suburban,65139,0.0604834109544754,0.2309033125638962,0.1878916919231415,0.7369031310081482,0.7124407291412354,0.4703105092048645,0.1319280117750168,0.2804777324199677,0.1676481962203979,0.07499036937952042,0.1162694692611694,0.166519895195961,0.06216632574796677,0.8817734122276306,0.3493792116641998
Rutherford,1464476090,565.4373795561556,64444,113.97194867199231,Rural - Non-Metro,50714,0.03219737857580185,0.2182646989822388,0.1801120787858963,0.5473316311836243,0.7408702969551086,0.3658639788627625,0.112816259264946,0.3141849935054779,0.201645240187645,0.07500346004962921,0.1175860613584518,0.1255357414484024,0.05322825908660889,0.8880733847618103,0.3683026731014252
Sampson,2449946536,945.9296459859038,59036,62.41056113477572,Rural - Non-Metro,53637,0.1059329882264137,0.3129052817821503,0.2068852335214615,0.5958913564682007,0.7278739213943481,0.359185516834259,0.1569069623947144,0.2949734628200531,0.1472321301698685,0.07499818503856659,0.1526878625154495,0.1366116255521774,0.03658980131149292,0.811858594417572,0.2819903194904327
Scotland,826569986,319.14045582240146,34174,107.0813786736505,Rural - Non-Metro,45604,0.02849823795258999,0.406159907579422,0.2720588147640228,0.6356658339500427,0.5888817310333252,0.3151924610137939,0.1792366057634354,0.3505403399467468,0.1448608934879303,0.07495976239442825,0.1173833087086678,0.08277764916419983,0.05024143308401108,0.8783783912658691,0.3343960344791412
Stanly,1023250040,395.0790492238978,62504,158.20631370553377,Rural - Non-Metro,65784,0.0426703579723835,0.2096392661333084,0.1760517209768295,0.6954902410507202,0.736495316028595,0.5002598166465759,0.119483657181263,0.273050993680954,0.1533129811286926,0.07497138530015945,0.1566832065582275,0.1799567639827728,0.0425410158932209,0.8777292370796204,0.2020291090011597
Stokes,1163797562,449.3447508529296,44520,99.077601141426,Rural - Metro,61374,0.01824500411748886,0.1567681282758713,0.143026739358902,0.6954165101051331,0.7838855981826782,0.4823123514652252,0.06108669936656952,0.342942863702774,0.191619336605072,0.0750187560915947,0.114671528339386,0.1621476858854294,0.05251313000917435,0.8714597225189209,0.2173608690500259
Surry,1379543658,532.6447842264419,71359,133.97108563380456,Rural - Non-Metro,58211,0.0587337389588356,0.1970333307981491,0.1834774911403656,0.7014234066009521,0.7332969903945923,0.413264662027359,0.1364793479442596,0.2605402171611786,0.1778329759836197,0.07500775903463364,0.1301459223031998,0.1578391790390015,0.0621546097099781,0.890426754951477,0.1916167736053467
Swain,1366810476,527.7284751704902,14117,26.7504989103332,Rural - Non-Metro,54357,0.01613935269415379,0.3682274222373962,0.2266575247049332,0.5117354989051819,0.732568085193634,0.4869158864021301,0.07547751069068909,0.3844732046127319,0.1919285207986832,0.07486137002706528,0.05329636484384537,0.1383240967988968,0.08163893967866898,0.8449612259864807,0.4122340381145477
Transylvania,979943597,378.3583381006332,32986,87.18190318096441,Rural - Non-Metro,62002,0.03537586703896523,0.2180625200271606,0.1362577080726624,0.7226182222366333,0.7512679696083069,0.413173645734787,0.07057216763496399,0.2951889634132385,0.1655789911746979,0.0749734416604042,0.09500683099031448,0.2232508659362793,0.07542874664068222,0.9209622144699097,0.2288288325071335
Tyrrell,1012106669,390.7765696268004,3245,8.303977905070003,Rural - Non-Metro,46072,0.08530806005001068,0.4492481350898743,0.2075736373662949,0.474053293466568,0.7861149907112122,0.2673912942409515,0.3504273593425751,0.3296703398227692,0.09157509356737137,0.07448107749223709,0.02319902367889881,0.05250305309891701,0.07814408093690872,0.8301886916160583,0.3235294222831726
Union,1638778990,632.7361054950944,238267,376.56615124493993,Suburban,98776,0.1152321696281433,0.09895684570074081,0.1363719254732132,0.8161885142326355,0.818462610244751,0.629718005657196,0.0870477482676506,0.2062557339668274,0.1234924867749214,0.07500529289245605,0.09020382165908813,0.2777699530124664,0.1402249783277512,0.9329134821891785,0.1652708500623703
Vance,653701481,252.39555288923702,42578,168.695523802217,Rural - Non-Metro,45408,0.0489601269364357,0.2900218069553375,0.2759156823158264,0.6385174989700317,0.573596179485321,0.3190422654151917,0.1688536256551743,0.3493032157421112,0.151052787899971,0.07496694475412369,0.05645407363772392,0.1419997960329056,0.05736954510211945,0.7711442708969116,0.4392915964126587
Wake,2161570492,834.587032911128,1129410,1353.256108066403,Urban,103084,0.1453932970762253,0.08996286988258362,0.1408840417861938,0.8558195233345032,0.6442679762840271,0.6953133344650269,0.05606872215867043,0.1246817111968994,0.06684520095586777,0.07499926537275314,0.06940907984972,0.3711710274219513,0.2368250042200089,0.9129950404167175,0.2056329697370529
Warren,1112117461,429.3909523005494,18642,43.41498091685838,Rural - Non-Metro,47866,0.03039837814867496,0.3779035210609436,0.248928114771843,0.5321563482284546,0.6974779367446899,0.3532638549804688,0.0982615277171135,0.4137062132358551,0.1224489808082581,0.07508188486099243,0.109347440302372,0.1602418720722198,0.02091206796467304,0.7697368264198303,0.5389988422393799
Washington,897456201,346.509776448356,11003,31.75379382590059,Rural - Non-Metro,47239,0.007336084265261889,0.3373940587043762,0.2141970247030258,0.5004138946533203,0.6870861053466797,0.3580497801303864,0.0708502009510994,0.3997975587844849,0.2661943435668945,0.07489878684282303,0.1032388657331467,0.06376518309116364,0.02125506103038788,0.8470588326454163,0.3595505654811859
Watauga,809210954,312.4380960961246,54086,173.10949169066734,Rural - Non-Metro,62045,0.03743109852075577,0.1051136329770088,0.07915230840444565,0.7523009181022644,0.6117902398109436,0.4508196711540222,0.07819816470146179,0.1582693457603455,0.05984266847372055,0.07501404732465744,0.09262034296989441,0.3294624388217926,0.2065929919481277,0.9027026891708374,0.1486855894327164
Wayne,1434651139,553.921901595139,117333,211.822279751196,Rural - Metro,56313,0.06910361349582672,0.2556535005569458,0.2134021520614624,0.7222316861152649,0.6152107119560242,0.4011414051055908,0.134828045964241,0.2551584541797638,0.1671611666679382,0.07501685619354248,0.145987868309021,0.1577882617712021,0.06405933946371078,0.7919655442237854,0.3691374957561493
Wilkes,1952020337,753.6792657322277,65969,87.52927538202691,Rural - Non-Metro,50848,0.03275085985660553,0.2552587985992432,0.1731232553720474,0.7641890645027161,0.7392400503158569,0.3465339541435242,0.1467883586883545,0.2919864356517792,0.1430546939373016,0.07501901686191559,0.135449081659317,0.1463043689727783,0.06139805167913437,0.9142419695854187,0.1969873905181885
Wilson,952013027,367.5742847329133,78784,214.3349066359362,Rural - Non-Metro,52620,0.0595565065741539,0.31934654712677,0.1941874623298645,0.6853013038635254,0.5909007787704468,0.423001229763031,0.1282443553209305,0.319318413734436,0.1542519479990005,0.0750158280134201,0.1100970655679703,0.1250263750553131,0.08804599940776825,0.8037165999412537,0.2490410655736923
Yadkin,867496112,334.9421214138315,37214,111.10576311786399,Rural - Metro,61626,0.05286084488034248,0.2061317712068558,0.1442959755659103,0.700664758682251,0.7708319425582886,0.4658430218696594,0.08500903099775314,0.3347381055355072,0.1991571336984634,0.07501505315303802,0.1335340142250061,0.1188440695405006,0.05370258912444115,0.8727735280990601,0.2370731681585312
Yancey,809610024,312.5921778845541,18470,59.08657127953248,Rural - Non-Metro,54913,0.02998500689864159,0.206062376499176,0.1292134821414948,0.6714704632759094,0.7723497748374939,0.3862313330173492,0.07878177613019943,0.3327460289001465,0.1409514248371124,0.07500629127025604,0.1188019141554832,0.2081550508737564,0.04555751383304596,0.8717948794364929,0.1999050378799438
